id,question_text
1,I need to find the way to a shop that a friend has recommended. I would:
2,A website has a video showing how to make a special graph or chart. I would learn most from:
3,"When choosing a career or area of study, these are important for me:"
4,"When I am learning, I usually:"
5,I want to learn to do something new on a computer. I would:
6,I prefer a teacher or presenter who uses:
7,"After finishing a test or competition, I prefer feedback that is:"
8,"In a study group, I contribute best by:"
9,"During a lecture, I naturally:"
10,Cooking a new recipe works best for me when I have:
11,"When receiving feedback on a project, I prefer:"
12,"When I need to understand a new topic quickly, I choose:"
